<?xml version="1.0" encoding="UTF-8"?>
<project-private xmlns="http://www.netbeans.org/ns/project-private/1">
    <editor-bookmarks xmlns="http://www.netbeans.org/ns/editor-bookmarks/2" lastBookmarkId="0"/>
    <open-files xmlns="http://www.netbeans.org/ns/projectui-open-files/2">
        <group>
            <file>file:/C:/Users/DANILO/OneDrive/Documents/NetBeansProjects/SpringNFlow-dsafinalproject/src/dsafinalproject2/Blue%20Modern%20Water%20Drop%20Mineral%20Water%20Logo.png</file>
            <file>file:/C:/Users/DANILO/OneDrive/Documents/NetBeansProjects/SpringNFlow-dsafinalproject/src/dsafinalproject2/selectionpage.java</file>
        </group>
    </open-files>
</project-private>
